{"cameraMode":{"drawMode":0,"name":"Shaded","section":"Shading Mode"},"sceneLighting":true,"audioPlay":false,"sceneViewState":{"m_AlwaysRefresh":false,"showFog":true,"showSkybox":true,"showFlares":true,"showImageEffects":true,"showParticleSystems":true,"showVisualEffectGraphs":true,"m_FxEnabled":true},"in2DMode":false,"pivot":{"x":284.92449951171877,"y":149.41331481933595,"z":-3.3387184143066408},"rotation":{"x":-0.025709891691803933,"y":-0.9737769365310669,"z":0.14300139248371125,"w":-0.17507913708686829},"size":47.69516372680664,"orthographic":false}