{"cameraMode":{"drawMode":0,"name":"Shaded","section":"Shading Mode"},"sceneLighting":true,"audioPlay":false,"sceneViewState":{"m_AlwaysRefresh":false,"showFog":true,"showSkybox":true,"showFlares":true,"showImageEffects":true,"showParticleSystems":true,"showVisualEffectGraphs":true,"m_FxEnabled":true},"in2DMode":false,"pivot":{"x":229.1064910888672,"y":120.9598388671875,"z":-28.807113647460939},"rotation":{"x":-0.025709891691803933,"y":-0.9737769365310669,"z":0.14300139248371125,"w":-0.17507913708686829},"size":395.8746337890625,"orthographic":false}